INSERT INTO users (id, name, age) VALUES (1, "Leonor", 31);
INSERT INTO users (id, name, age) VALUES (2, "Amanda", 29);
INSERT INTO users (id, name, age) VALUES (3, "Adam", 20);
INSERT INTO users (id, name, age) VALUES (4, "Joe", 23);
INSERT INTO users (id, name, age) VALUES (5, "Jane", 23);
INSERT INTO users (id, name, age) VALUES (6, "John", 24);
INSERT INTO users (id, name, age) VALUES (7, "Alicia", 40);
INSERT INTO users (id, name, age) VALUES (8, "Patty", 56);
INSERT INTO users (id, name, age) VALUES (9, "Frankenstein", 3);
INSERT INTO users (id, name, age) VALUES (10, "Sabine", 34);
INSERT INTO users (id, name, age) VALUES (11, "Petra", 23);
INSERT INTO users (id, name, age) VALUES (12, "Mattias", 45);
INSERT INTO users (id, name, age) VALUES (13, "Uma", 30);
INSERT INTO users (id, name, age) VALUES (14, "Garcia", 34);
INSERT INTO users (id, name, age) VALUES (15, "Kylie", 16);
INSERT INTO users (id, name, age) VALUES (16, "Lauren", 23);
INSERT INTO users (id, name, age) VALUES (17, "Reggie", 47);
INSERT INTO users (id, name, age) VALUES (18, "Carl", 48);
INSERT INTO users (id, name, age) VALUES (19, "Maxine", 39);
INSERT INTO users (id, name, age) VALUES (20, "Anita", 36);

INSERT INTO projects (id, title, category, funding_goal, start_date, end_date) VALUES (1, 'Fyre Festival', 'festival', 10000000, '01-21-2019', '01-30-2020');
INSERT INTO projects (id, title, category, funding_goal, start_date, end_date) VALUES (2, 'Harry Potter Tour', 'literature', 120000, '03-30-2019', '02-23-2020');
INSERT INTO projects (id, title, category, funding_goal, start_date, end_date) VALUES (3, 'Get me out of student debt', 'education', 85000, '05-30-2017', '12-31-2025');
INSERT INTO projects (id, title, category, funding_goal, start_date, end_date) VALUES (4, 'Kitten needs a new toy', 'animals', 15, '03-23-2020', '04-01-2020');
INSERT INTO projects (id, title, category, funding_goal, start_date, end_date) VALUES (5, 'Publish my thoughts on quarantine', 'literature', 30000, '03-17-2020', '01-01-2022');
INSERT INTO projects (id, title, category, funding_goal, start_date, end_date) VALUES (6, 'Online schooling for families affected by COVID19', 'education', 400000, '03-25-2020', '10-01-2020');
INSERT INTO projects (id, title, category, funding_goal, start_date, end_date) VALUES (7, 'Houseplants for me', 'selfish', 400, '03-25-2020', '08-01-2020');
INSERT INTO projects (id, title, category, funding_goal, start_date, end_date) VALUES (8, 'Free the nipple', 'education', 4000, '03-15-2020', '05-01-2020');
INSERT INTO projects (id, title, category, funding_goal, start_date, end_date) VALUES (9, 'Waterfront Blues and Jazz Fest', 'festival', 800000, '03-05-2020', '05-01-2021');
INSERT INTO projects (id, title, category, funding_goal, start_date, end_date) VALUES (10, 'Feed Birds Not Squirrels', 'animals', 5000, '03-25-2020', '10-01-2020');

INSERT INTO pledges (id, amount, user_id, project_id) VALUES (1, 20, 1, 3);
INSERT INTO pledges (id, amount, user_id, project_id) VALUES (2, 200000, 4, 9);
INSERT INTO pledges (id, amount, user_id, project_id) VALUES (3, 100000, 5, 5);
INSERT INTO pledges (id, amount, user_id, project_id) VALUES (4, 20000, 7, 6);
INSERT INTO pledges (id, amount, user_id, project_id) VALUES (5, 400000, 13, 9);
INSERT INTO pledges (id, amount, user_id, project_id) VALUES (6, 400000, 19, 4);
INSERT INTO pledges (id, amount, user_id, project_id) VALUES (7, 26000, 16, 5);
INSERT INTO pledges (id, amount, user_id, project_id) VALUES (8, 4520, 7, 8);
INSERT INTO pledges (id, amount, user_id, project_id) VALUES (9, 300, 1, 6);
INSERT INTO pledges (id, amount, user_id, project_id) VALUES (10, 250, 14, 7);
INSERT INTO pledges (id, amount, user_id, project_id) VALUES (11, 20000, 5, 8);
INSERT INTO pledges (id, amount, user_id, project_id) VALUES (12, 200000000, 10, 9);
INSERT INTO pledges (id, amount, user_id, project_id) VALUES (13, 5600000, 11, 10);
INSERT INTO pledges (id, amount, user_id, project_id) VALUES (14, 2300, 12, 1);
INSERT INTO pledges (id, amount, user_id, project_id) VALUES (15, 2044, 13, 2);
INSERT INTO pledges (id, amount, user_id, project_id) VALUES (16, 20000, 14, 3);
INSERT INTO pledges (id, amount, user_id, project_id) VALUES (17, 9990000, 15, 4);
INSERT INTO pledges (id, amount, user_id, project_id) VALUES (18, 200000, 16, 5);
INSERT INTO pledges (id, amount, user_id, project_id) VALUES (19, 2890000, 17, 6);
INSERT INTO pledges (id, amount, user_id, project_id) VALUES (20, 2900, 18, 7);
INSERT INTO pledges (id, amount, user_id, project_id) VALUES (21, 280, 19, 8);
INSERT INTO pledges (id, amount, user_id, project_id) VALUES (22, 820, 20, 9);
INSERT INTO pledges (id, amount, user_id, project_id) VALUES (23, 120, 20, 10);
INSERT INTO pledges (id, amount, user_id, project_id) VALUES (24, 120, 19, 10);
INSERT INTO pledges (id, amount, user_id, project_id) VALUES (25, 20, 18, 5);
INSERT INTO pledges (id, amount, user_id, project_id) VALUES (26, 10, 17, 6);
INSERT INTO pledges (id, amount, user_id, project_id) VALUES (27, 10, 16, 7);
INSERT INTO pledges (id, amount, user_id, project_id) VALUES (28, 2, 15, 8);
INSERT INTO pledges (id, amount, user_id, project_id) VALUES (29, 6, 14, 9);
INSERT INTO pledges (id, amount, user_id, project_id) VALUES (30, 9, 13, 3);
